,pop_perc,distance,day,service,pop_perc_cum
0,0.0,0,-5,gas_station,0.0
1,27.389757582635553,0,-5,gas_station,27.389757582635553
2,35.628888768275054,1,-5,gas_station,63.01864635091061
3,22.63466671929816,2,-5,gas_station,85.65331307020877
4,9.4203792427973,3,-5,gas_station,95.07369231300606
5,3.1115080402828283,4,-5,gas_station,98.18520035328889
6,1.4289450181825358,5,-5,gas_station,99.61414537147142
7,0.125328741235623,6,-5,gas_station,99.73947411270704
8,0.07894723857362076,7,-5,gas_station,99.81842135128066
9,0.08684196243098284,8,-5,gas_station,99.90526331371164
10,0.09473668628834492,9,-5,gas_station,99.99999999999999
11,0.0,10,-5,gas_station,99.99999999999999
12,0.0,11,-5,gas_station,99.99999999999999
13,0.0,12,-5,gas_station,99.99999999999999
14,0.0,13,-5,gas_station,99.99999999999999
15,0.0,14,-5,gas_station,99.99999999999999
16,0.0,15,-5,gas_station,99.99999999999999
17,0.0,16,-5,gas_station,99.99999999999999
18,0.0,17,-5,gas_station,99.99999999999999
19,0.0,18,-5,gas_station,99.99999999999999
20,0.0,19,-5,gas_station,99.99999999999999
0,0.0,0,-4,gas_station,0.0
1,27.389757582635553,0,-4,gas_station,27.389757582635553
2,35.628888768275054,1,-4,gas_station,63.01864635091061
3,22.63466671929816,2,-4,gas_station,85.65331307020877
4,9.4203792427973,3,-4,gas_station,95.07369231300606
5,3.1115080402828283,4,-4,gas_station,98.18520035328889
6,1.4289450181825358,5,-4,gas_station,99.61414537147142
7,0.125328741235623,6,-4,gas_station,99.73947411270704
8,0.07894723857362076,7,-4,gas_station,99.81842135128066
9,0.08684196243098284,8,-4,gas_station,99.90526331371164
10,0.09473668628834492,9,-4,gas_station,99.99999999999999
11,0.0,10,-4,gas_station,99.99999999999999
12,0.0,11,-4,gas_station,99.99999999999999
13,0.0,12,-4,gas_station,99.99999999999999
14,0.0,13,-4,gas_station,99.99999999999999
15,0.0,14,-4,gas_station,99.99999999999999
16,0.0,15,-4,gas_station,99.99999999999999
17,0.0,16,-4,gas_station,99.99999999999999
18,0.0,17,-4,gas_station,99.99999999999999
19,0.0,18,-4,gas_station,99.99999999999999
20,0.0,19,-4,gas_station,99.99999999999999
0,0.0,0,-3,gas_station,0.0
1,26.45818016746683,0,-3,gas_station,26.45818016746683
2,36.286124529400446,1,-3,gas_station,62.744304696867275
3,22.84634400272368,2,-3,gas_station,85.59064869959096
4,9.48304361341511,3,-3,gas_station,95.07369231300606
5,3.1115080402828283,4,-3,gas_station,98.18520035328889
6,1.4289450181825358,5,-3,gas_station,99.61414537147142
7,0.125328741235623,6,-3,gas_station,99.73947411270704
8,0.07894723857362076,7,-3,gas_station,99.81842135128066
9,0.08684196243098284,8,-3,gas_station,99.90526331371164
10,0.09473668628834492,9,-3,gas_station,99.99999999999999
11,0.0,10,-3,gas_station,99.99999999999999
12,0.0,11,-3,gas_station,99.99999999999999
13,0.0,12,-3,gas_station,99.99999999999999
14,0.0,13,-3,gas_station,99.99999999999999
15,0.0,14,-3,gas_station,99.99999999999999
16,0.0,15,-3,gas_station,99.99999999999999
17,0.0,16,-3,gas_station,99.99999999999999
18,0.0,17,-3,gas_station,99.99999999999999
19,0.0,18,-3,gas_station,99.99999999999999
20,0.0,19,-3,gas_station,99.99999999999999
0,0.0,0,-2,gas_station,0.0
1,22.381048715380402,0,-2,gas_station,22.381048715380402
2,36.12724321177103,1,-2,gas_station,58.50829192715143
3,24.655222606541766,2,-2,gas_station,83.1635145336932
4,11.910177779312862,3,-2,gas_station,95.07369231300606
5,3.1115080402828283,4,-2,gas_station,98.18520035328889
6,1.4289450181825358,5,-2,gas_station,99.61414537147142
7,0.125328741235623,6,-2,gas_station,99.73947411270704
8,0.07894723857362076,7,-2,gas_station,99.81842135128066
9,0.08684196243098284,8,-2,gas_station,99.90526331371164
10,0.09473668628834492,9,-2,gas_station,99.99999999999999
11,0.0,10,-2,gas_station,99.99999999999999
12,0.0,11,-2,gas_station,99.99999999999999
13,0.0,12,-2,gas_station,99.99999999999999
14,0.0,13,-2,gas_station,99.99999999999999
15,0.0,14,-2,gas_station,99.99999999999999
16,0.0,15,-2,gas_station,99.99999999999999
17,0.0,16,-2,gas_station,99.99999999999999
18,0.0,17,-2,gas_station,99.99999999999999
19,0.0,18,-2,gas_station,99.99999999999999
20,0.0,19,-2,gas_station,99.99999999999999
0,0.0,0,-1,gas_station,0.0
1,21.999634869021598,0,-1,gas_station,21.999634869021598
2,35.28102749831004,1,-1,gas_station,57.28066236733164
3,25.315418889113666,2,-1,gas_station,82.5960812564453
4,11.97333557017176,3,-1,gas_station,94.56941682661706
5,3.1904552788564495,4,-1,gas_station,97.7598721054735
6,1.763483941638254,5,-1,gas_station,99.52335604711176
7,0.17664444630847645,6,-1,gas_station,99.70000049342023
8,0.07894723857362076,7,-1,gas_station,99.77894773199385
9,0.10805903279764342,8,-1,gas_station,99.8870067647915
10,0.11299323520849473,9,-1,gas_station,99.99999999999999
11,0.0,10,-1,gas_station,99.99999999999999
12,0.0,11,-1,gas_station,99.99999999999999
13,0.0,12,-1,gas_station,99.99999999999999
14,0.0,13,-1,gas_station,99.99999999999999
15,0.0,14,-1,gas_station,99.99999999999999
16,0.0,15,-1,gas_station,99.99999999999999
17,0.0,16,-1,gas_station,99.99999999999999
18,0.0,17,-1,gas_station,99.99999999999999
19,0.0,18,-1,gas_station,99.99999999999999
20,0.0,19,-1,gas_station,99.99999999999999
0,0.0,0,0,gas_station,0.0
1,21.577267142652726,0,0,gas_station,21.577267142652726
2,35.20158683949533,1,0,gas_station,56.77885398214805
3,25.817227274297245,2,0,gas_station,82.5960812564453
4,11.97333557017176,3,0,gas_station,94.56941682661706
5,3.1904552788564495,4,0,gas_station,97.7598721054735
6,1.763483941638254,5,0,gas_station,99.52335604711176
7,0.17664444630847645,6,0,gas_station,99.70000049342023
8,0.07894723857362076,7,0,gas_station,99.77894773199385
9,0.10805903279764342,8,0,gas_station,99.8870067647915
10,0.11299323520849473,9,0,gas_station,99.99999999999999
11,0.0,10,0,gas_station,99.99999999999999
12,0.0,11,0,gas_station,99.99999999999999
13,0.0,12,0,gas_station,99.99999999999999
14,0.0,13,0,gas_station,99.99999999999999
15,0.0,14,0,gas_station,99.99999999999999
16,0.0,15,0,gas_station,99.99999999999999
17,0.0,16,0,gas_station,99.99999999999999
18,0.0,17,0,gas_station,99.99999999999999
19,0.0,18,0,gas_station,99.99999999999999
20,0.0,19,0,gas_station,99.99999999999999
0,0.0,0,1,gas_station,0.0
1,21.571346099759705,0,1,gas_station,21.571346099759705
2,34.99928454065043,1,1,gas_station,56.57063064041013
3,26.025450616035172,2,1,gas_station,82.5960812564453
4,11.97333557017176,3,1,gas_station,94.56941682661706
5,3.1904552788564495,4,1,gas_station,97.7598721054735
6,1.763483941638254,5,1,gas_station,99.52335604711176
7,0.17664444630847645,6,1,gas_station,99.70000049342023
8,0.07894723857362076,7,1,gas_station,99.77894773199385
9,0.10805903279764342,8,1,gas_station,99.8870067647915
10,0.11299323520849473,9,1,gas_station,99.99999999999999
11,0.0,10,1,gas_station,99.99999999999999
12,0.0,11,1,gas_station,99.99999999999999
13,0.0,12,1,gas_station,99.99999999999999
14,0.0,13,1,gas_station,99.99999999999999
15,0.0,14,1,gas_station,99.99999999999999
16,0.0,15,1,gas_station,99.99999999999999
17,0.0,16,1,gas_station,99.99999999999999
18,0.0,17,1,gas_station,99.99999999999999
19,0.0,18,1,gas_station,99.99999999999999
20,0.0,19,1,gas_station,99.99999999999999
0,0.0,0,2,gas_station,0.0
1,20.680722564601044,0,2,gas_station,20.680722564601044
2,34.6287259395955,1,2,gas_station,55.30944850419654
3,26.59633783497067,2,2,gas_station,81.90578633916721
4,11.737480694933069,3,2,gas_station,93.64326703410028
5,4.116605071373238,4,2,gas_station,97.75987210547352
6,1.6406223016080566,5,2,gas_station,99.40049440708158
7,0.2995060863386738,6,2,gas_station,99.70000049342025
8,0.07894723857362076,7,2,gas_station,99.77894773199387
9,0.10805903279764342,8,2,gas_station,99.88700676479151
10,0.11299323520849473,9,2,gas_station,100.0
11,0.0,10,2,gas_station,100.0
12,0.0,11,2,gas_station,100.0
13,0.0,12,2,gas_station,100.0
14,0.0,13,2,gas_station,100.0
15,0.0,14,2,gas_station,100.0
16,0.0,15,2,gas_station,100.0
17,0.0,16,2,gas_station,100.0
18,0.0,17,2,gas_station,100.0
19,0.0,18,2,gas_station,100.0
20,0.0,19,2,gas_station,100.0
0,0.0,0,3,gas_station,0.0
1,15.564448084789333,0,3,gas_station,15.564448084789333
2,33.32066888047881,1,3,gas_station,48.885116965268146
3,28.16344052065704,2,3,gas_station,77.04855748592519
4,11.924486966304332,3,3,gas_station,88.97304445222952
5,6.240779209244721,4,3,gas_station,95.21382366147424
6,2.94522541903714,5,3,gas_station,98.15904908051138
7,0.5037820661479175,6,3,gas_station,98.6628311466593
8,0.4741768516828097,7,3,gas_station,99.13700799834211
9,0.7480250854850568,8,3,gas_station,99.88503308382717
10,0.11348665544957985,9,3,gas_station,99.99851973927674
11,0.0014802607232553893,10,3,gas_station,100.0
12,0.0,11,3,gas_station,100.0
13,0.0,12,3,gas_station,100.0
14,0.0,13,3,gas_station,100.0
15,0.0,14,3,gas_station,100.0
16,0.0,15,3,gas_station,100.0
17,0.0,16,3,gas_station,100.0
18,0.0,17,3,gas_station,100.0
19,0.0,18,3,gas_station,100.0
20,0.0,19,3,gas_station,100.0
0,0.0,0,4,gas_station,0.0
1,12.821524964597097,0,4,gas_station,12.821524964597097
2,29.891398204937165,1,4,gas_station,42.712923169534264
3,28.54337410629259,2,4,gas_station,71.25629727582685
4,12.541755687901828,3,4,gas_station,83.79805296372868
5,6.427785480615985,4,4,gas_station,90.22583844434466
6,3.968085578806614,5,4,gas_station,94.19392402315127
7,2.011674322904074,6,4,gas_station,96.20559834605534
8,1.0939126744857328,7,4,gas_station,97.29951102054108
9,1.5226948639887106,8,4,gas_station,98.82220588452978
10,0.6207226632850933,9,4,gas_station,99.44292854781487
11,0.34045996634873954,10,4,gas_station,99.78338851416362
12,0.1440787103968579,11,4,gas_station,99.92746722456047
13,0.06315779085889661,12,4,gas_station,99.99062501541937
14,0.009374984580617467,13,4,gas_station,99.99999999999999
15,0.0,14,4,gas_station,99.99999999999999
16,0.0,15,4,gas_station,99.99999999999999
17,0.0,16,4,gas_station,99.99999999999999
18,0.0,17,4,gas_station,99.99999999999999
19,0.0,18,4,gas_station,99.99999999999999
20,0.0,19,4,gas_station,99.99999999999999
0,0.0,0,5,gas_station,0.0
1,8.560841182827001,0,5,gas_station,8.560841182827001
2,22.075621586148706,1,5,gas_station,30.636462768975708
3,27.262948580676678,2,5,gas_station,57.89941134965238
4,17.684181440491052,3,5,gas_station,75.58359279014343
5,8.617584510551792,4,5,gas_station,84.20117730069522
6,4.539466217983194,5,5,gas_station,88.74064351867841
7,3.019238455199909,6,5,gas_station,91.75988197387832
8,2.562824732196164,7,5,gas_station,94.32270670607448
9,2.075325534004056,8,5,gas_station,96.39803224007854
10,1.2148006335515895,9,5,gas_station,97.61283287363013
11,1.2133203728283342,10,5,gas_station,98.82615324645846
12,0.7401303616276946,11,5,gas_station,99.56628360808615
13,0.2398022371673731,12,5,gas_station,99.80608584525352
14,0.14950633304879432,13,5,gas_station,99.95559217830231
15,0.044407821697661685,14,5,gas_station,99.99999999999997
16,0.0,15,5,gas_station,99.99999999999997
17,0.0,16,5,gas_station,99.99999999999997
18,0.0,17,5,gas_station,99.99999999999997
19,0.0,18,5,gas_station,99.99999999999997
20,0.0,19,5,gas_station,99.99999999999997
0,0.0,0,6,gas_station,0.0
1,10.560673419945033,0,6,gas_station,10.560673419945033
2,25.042064075552506,1,6,gas_station,35.602737495497536
3,27.226435482836376,2,6,gas_station,62.829172978333915
4,17.268228177256287,3,6,gas_station,80.0974011555902
5,6.492916952439224,4,6,gas_station,86.59031810802944
6,4.9623273645931505,5,6,gas_station,91.55264547262259
7,3.3646326239595,6,6,gas_station,94.91727809658208
8,1.3978595429941727,7,6,gas_station,96.31513763957625
9,2.3698974179318784,8,6,gas_station,98.68503505750813
10,0.574341160623091,9,6,gas_station,99.25937621813122
11,0.40707169889523204,10,6,gas_station,99.66644791702646
12,0.22549305017590432,11,6,gas_station,99.89194096720236
13,0.09868404821702595,12,6,gas_station,99.99062501541938
14,0.009374984580617467,13,6,gas_station,100.0
15,0.0,14,6,gas_station,100.0
16,0.0,15,6,gas_station,100.0
17,0.0,16,6,gas_station,100.0
18,0.0,17,6,gas_station,100.0
19,0.0,18,6,gas_station,100.0
20,0.0,19,6,gas_station,100.0
0,0.0,0,7,gas_station,0.0
1,11.153764549729358,0,7,gas_station,11.153764549729358
2,27.261961740194508,1,7,gas_station,38.41572628992387
3,30.276265992983564,2,7,gas_station,68.69199228290744
4,17.049643010455576,3,7,gas_station,85.741635293363
5,4.670222581870753,4,7,gas_station,90.41185787523375
6,3.5832177907602123,5,7,gas_station,93.99507566599397
7,2.246542357660596,6,7,gas_station,96.24161802365457
8,1.0578929968865183,7,7,gas_station,97.29951102054109
9,1.5226948639887106,8,7,gas_station,98.8222058845298
10,0.6207226632850933,9,7,gas_station,99.44292854781489
11,0.34045996634873954,10,7,gas_station,99.78338851416363
12,0.1440787103968579,11,7,gas_station,99.92746722456049
13,0.06315779085889661,12,7,gas_station,99.99062501541938
14,0.009374984580617467,13,7,gas_station,100.0
15,0.0,14,7,gas_station,100.0
16,0.0,15,7,gas_station,100.0
17,0.0,16,7,gas_station,100.0
18,0.0,17,7,gas_station,100.0
19,0.0,18,7,gas_station,100.0
20,0.0,19,7,gas_station,100.0
0,0.0,0,8,gas_station,0.0
1,11.517908687650184,0,8,gas_station,11.517908687650184
2,28.45209136169184,1,8,gas_station,39.97000004934202
3,29.957023097001485,2,8,gas_station,69.9270231463435
4,16.37415070041003,3,8,gas_station,86.30117384675353
5,4.110684028480216,4,8,gas_station,90.41185787523375
6,3.5787770085904462,5,8,gas_station,93.9906348838242
7,2.250983139830362,6,8,gas_station,96.24161802365457
8,1.0578929968865183,7,8,gas_station,97.29951102054109
9,1.5226948639887106,8,8,gas_station,98.8222058845298
10,0.6207226632850933,9,8,gas_station,99.44292854781489
11,0.34045996634873954,10,8,gas_station,99.78338851416363
12,0.1440787103968579,11,8,gas_station,99.92746722456049
13,0.06315779085889661,12,8,gas_station,99.99062501541938
14,0.009374984580617467,13,8,gas_station,100.0
15,0.0,14,8,gas_station,100.0
16,0.0,15,8,gas_station,100.0
17,0.0,16,8,gas_station,100.0
18,0.0,17,8,gas_station,100.0
19,0.0,18,8,gas_station,100.0
20,0.0,19,8,gas_station,100.0
0,0.0,0,9,gas_station,0.0
1,13.186162522759009,0,9,gas_station,13.186162522759009
2,31.717053096952142,1,9,gas_station,44.90321561971115
3,29.748799755263562,2,9,gas_station,74.65201537497471
4,16.817242076904478,3,9,gas_station,91.46925745187919
5,4.6968672748893505,4,9,gas_station,96.16612472676854
6,2.5450616035170994,5,9,gas_station,98.71118633028564
7,0.9355247770974061,6,9,gas_station,99.64671110738306
8,0.1307563638875594,7,9,gas_station,99.77746747127061
9,0.1095392935208988,8,9,gas_station,99.88700676479151
10,0.11299323520849473,9,9,gas_station,100.0
11,0.0,10,9,gas_station,100.0
12,0.0,11,9,gas_station,100.0
13,0.0,12,9,gas_station,100.0
14,0.0,13,9,gas_station,100.0
15,0.0,14,9,gas_station,100.0
16,0.0,15,9,gas_station,100.0
17,0.0,16,9,gas_station,100.0
18,0.0,17,9,gas_station,100.0
19,0.0,18,9,gas_station,100.0
20,0.0,19,9,gas_station,100.0
0,0.0,0,10,gas_station,0.0
1,14.395535533658663,0,10,gas_station,14.395535533658663
2,32.125605056570635,1,10,gas_station,46.521140590229294
3,30.5471537053393,2,10,gas_station,77.06829429556859
4,14.6299101481741,3,10,gas_station,91.6982044437427
5,4.481242629535149,4,10,gas_station,96.17944707327784
6,2.5450616035170994,5,10,gas_station,98.72450867679494
7,0.9222024305881076,6,10,gas_station,99.64671110738304
8,0.1307563638875594,7,10,gas_station,99.7774674712706
9,0.1095392935208988,8,10,gas_station,99.8870067647915
10,0.11299323520849473,9,10,gas_station,99.99999999999999
11,0.0,10,10,gas_station,99.99999999999999
12,0.0,11,10,gas_station,99.99999999999999
13,0.0,12,10,gas_station,99.99999999999999
14,0.0,13,10,gas_station,99.99999999999999
15,0.0,14,10,gas_station,99.99999999999999
16,0.0,15,10,gas_station,99.99999999999999
17,0.0,16,10,gas_station,99.99999999999999
18,0.0,17,10,gas_station,99.99999999999999
19,0.0,18,10,gas_station,99.99999999999999
20,0.0,19,10,gas_station,99.99999999999999
0,0.0,0,11,gas_station,0.0
1,16.738788258571944,0,11,gas_station,16.738788258571944
2,33.27823473974549,1,11,gas_station,50.01702299831744
3,28.060809110511332,2,11,gas_station,78.07783210882877
4,13.678102503120884,3,11,gas_station,91.75593461194966
5,4.423512461328189,4,11,gas_station,96.17944707327784
6,2.5504892261690357,5,11,gas_station,98.72993629944688
7,0.9167748079361712,6,11,gas_station,99.64671110738304
8,0.1307563638875594,7,11,gas_station,99.7774674712706
9,0.1095392935208988,8,11,gas_station,99.8870067647915
10,0.11299323520849473,9,11,gas_station,99.99999999999999
11,0.0,10,11,gas_station,99.99999999999999
12,0.0,11,11,gas_station,99.99999999999999
13,0.0,12,11,gas_station,99.99999999999999
14,0.0,13,11,gas_station,99.99999999999999
15,0.0,14,11,gas_station,99.99999999999999
16,0.0,15,11,gas_station,99.99999999999999
17,0.0,16,11,gas_station,99.99999999999999
18,0.0,17,11,gas_station,99.99999999999999
19,0.0,18,11,gas_station,99.99999999999999
20,0.0,19,11,gas_station,99.99999999999999
0,0.0,0,12,gas_station,0.0
1,18.078917633359158,0,12,gas_station,18.078917633359158
2,32.926426107851796,1,12,gas_station,51.00534374121095
3,27.4015996684216,2,12,gas_station,78.40694340963255
4,13.348991202317102,3,12,gas_station,91.75593461194964
5,4.423512461328189,4,12,gas_station,96.17944707327783
6,2.5504892261690357,5,12,gas_station,98.72993629944686
7,0.9167748079361712,6,12,gas_station,99.64671110738303
8,0.1307563638875594,7,12,gas_station,99.77746747127058
9,0.1095392935208988,8,12,gas_station,99.88700676479148
10,0.11299323520849473,9,12,gas_station,99.99999999999997
11,0.0,10,12,gas_station,99.99999999999997
12,0.0,11,12,gas_station,99.99999999999997
13,0.0,12,12,gas_station,99.99999999999997
14,0.0,13,12,gas_station,99.99999999999997
15,0.0,14,12,gas_station,99.99999999999997
16,0.0,15,12,gas_station,99.99999999999997
17,0.0,16,12,gas_station,99.99999999999997
18,0.0,17,12,gas_station,99.99999999999997
19,0.0,18,12,gas_station,99.99999999999997
20,0.0,19,12,gas_station,99.99999999999997
0,0.0,0,13,gas_station,0.0
1,20.279571908598832,0,13,gas_station,20.279571908598832
2,32.936787932914584,1,13,gas_station,53.216359841513416
3,27.606862488713013,2,13,gas_station,80.82322233022643
4,11.963960585591142,3,13,gas_station,92.78718291581757
5,4.7856829182846745,4,13,gas_station,97.57286583410225
6,1.905095550829686,5,13,gas_station,99.47796138493193
7,0.1687497224511144,6,13,gas_station,99.64671110738304
8,0.1307563638875594,7,13,gas_station,99.7774674712706
9,0.1095392935208988,8,13,gas_station,99.8870067647915
10,0.11299323520849473,9,13,gas_station,99.99999999999999
11,0.0,10,13,gas_station,99.99999999999999
12,0.0,11,13,gas_station,99.99999999999999
13,0.0,12,13,gas_station,99.99999999999999
14,0.0,13,13,gas_station,99.99999999999999
15,0.0,14,13,gas_station,99.99999999999999
16,0.0,15,13,gas_station,99.99999999999999
17,0.0,16,13,gas_station,99.99999999999999
18,0.0,17,13,gas_station,99.99999999999999
19,0.0,18,13,gas_station,99.99999999999999
20,0.0,19,13,gas_station,99.99999999999999
0,0.0,0,14,gas_station,0.0
1,20.762136904380093,0,14,gas_station,20.762136904380093
2,33.29254392673696,1,14,gas_station,54.054680831117054
3,26.792719090922546,2,14,gas_station,80.8473999220396
4,11.939782993777971,3,14,gas_station,92.78718291581757
5,4.7856829182846745,4,14,gas_station,97.57286583410225
6,1.905095550829686,5,14,gas_station,99.47796138493193
7,0.1687497224511144,6,14,gas_station,99.64671110738304
8,0.1307563638875594,7,14,gas_station,99.7774674712706
9,0.1095392935208988,8,14,gas_station,99.8870067647915
10,0.11299323520849473,9,14,gas_station,99.99999999999999
11,0.0,10,14,gas_station,99.99999999999999
12,0.0,11,14,gas_station,99.99999999999999
13,0.0,12,14,gas_station,99.99999999999999
14,0.0,13,14,gas_station,99.99999999999999
15,0.0,14,14,gas_station,99.99999999999999
16,0.0,15,14,gas_station,99.99999999999999
17,0.0,16,14,gas_station,99.99999999999999
18,0.0,17,14,gas_station,99.99999999999999
19,0.0,18,14,gas_station,99.99999999999999
20,0.0,19,14,gas_station,99.99999999999999
0,0.0,0,15,gas_station,0.0
1,21.23039271316988,0,15,gas_station,21.23039271316988
2,35.27066567324725,1,15,gas_station,56.50105838641713
3,23.59091514652114,2,15,gas_station,80.09197353293827
4,12.407545382326674,3,15,gas_station,92.49951891526494
5,5.073346918837304,4,15,gas_station,97.57286583410225
6,1.905095550829686,5,15,gas_station,99.47796138493193
7,0.1687497224511144,6,15,gas_station,99.64671110738304
8,0.1307563638875594,7,15,gas_station,99.7774674712706
9,0.1095392935208988,8,15,gas_station,99.8870067647915
10,0.11299323520849473,9,15,gas_station,99.99999999999999
11,0.0,10,15,gas_station,99.99999999999999
12,0.0,11,15,gas_station,99.99999999999999
13,0.0,12,15,gas_station,99.99999999999999
14,0.0,13,15,gas_station,99.99999999999999
15,0.0,14,15,gas_station,99.99999999999999
16,0.0,15,15,gas_station,99.99999999999999
17,0.0,16,15,gas_station,99.99999999999999
18,0.0,17,15,gas_station,99.99999999999999
19,0.0,18,15,gas_station,99.99999999999999
20,0.0,19,15,gas_station,99.99999999999999
0,0.0,0,-5,supermarket,0.0
1,7.24192887840645,0,-5,supermarket,7.24192887840645
2,26.018542732659977,1,-5,supermarket,33.26047161106643
3,21.927102093582082,2,-5,supermarket,55.187573704648514
4,22.328252749584294,3,-5,supermarket,77.51582645423281
5,8.194229943700751,4,-5,supermarket,85.71005639793356
6,5.39999111843566,5,-5,supermarket,91.11004751636922
7,2.7769691168271105,6,-5,supermarket,93.88701663319632
8,0.7687487356106322,7,-5,supermarket,94.65576536880695
9,0.6444068348571795,8,-5,supermarket,95.30017220366413
10,1.0968731959322435,9,-5,supermarket,96.39704539959638
11,0.6932554387246074,10,-5,supermarket,97.09030083832099
12,0.8121697168261237,11,-5,supermarket,97.9024705551471
13,0.7761500392269092,12,-5,supermarket,98.67862059437401
14,0.5679266974889844,13,-5,supermarket,99.246547291863
15,0.45641372300374505,14,-5,supermarket,99.70296101486674
16,0.18453917016583854,15,-5,supermarket,99.88750018503258
17,0.0942432660472598,16,-5,supermarket,99.98174345107984
18,0.018256548920149804,17,-5,supermarket,99.99999999999999
19,0.0,18,-5,supermarket,99.99999999999999
20,0.0,19,-5,supermarket,99.99999999999999
0,0.0,0,-4,supermarket,0.0
1,7.24192887840645,0,-4,supermarket,7.24192887840645
2,26.018542732659977,1,-4,supermarket,33.26047161106643
3,21.927102093582082,2,-4,supermarket,55.187573704648514
4,22.328252749584294,3,-4,supermarket,77.51582645423281
5,8.194229943700751,4,-4,supermarket,85.71005639793356
6,5.39999111843566,5,-4,supermarket,91.11004751636922
7,2.7769691168271105,6,-4,supermarket,93.88701663319632
8,0.7687487356106322,7,-4,supermarket,94.65576536880695
9,0.6444068348571795,8,-4,supermarket,95.30017220366413
10,1.0968731959322435,9,-4,supermarket,96.39704539959638
11,0.6932554387246074,10,-4,supermarket,97.09030083832099
12,0.8121697168261237,11,-4,supermarket,97.9024705551471
13,0.7761500392269092,12,-4,supermarket,98.67862059437401
14,0.5679266974889844,13,-4,supermarket,99.246547291863
15,0.45641372300374505,14,-4,supermarket,99.70296101486674
16,0.18453917016583854,15,-4,supermarket,99.88750018503258
17,0.0942432660472598,16,-4,supermarket,99.98174345107984
18,0.018256548920149804,17,-4,supermarket,99.99999999999999
19,0.0,18,-4,supermarket,99.99999999999999
20,0.0,19,-4,supermarket,99.99999999999999
0,0.0,0,-3,supermarket,0.0
1,7.24192887840645,0,-3,supermarket,7.24192887840645
2,26.018542732659977,1,-3,supermarket,33.26047161106643
3,21.927102093582082,2,-3,supermarket,55.187573704648514
4,22.328252749584294,3,-3,supermarket,77.51582645423281
5,8.194229943700751,4,-3,supermarket,85.71005639793356
6,5.39999111843566,5,-3,supermarket,91.11004751636922
7,2.7769691168271105,6,-3,supermarket,93.88701663319632
8,0.7687487356106322,7,-3,supermarket,94.65576536880695
9,0.6444068348571795,8,-3,supermarket,95.30017220366413
10,1.0968731959322435,9,-3,supermarket,96.39704539959638
11,0.6932554387246074,10,-3,supermarket,97.09030083832099
12,0.8121697168261237,11,-3,supermarket,97.9024705551471
13,0.7761500392269092,12,-3,supermarket,98.67862059437401
14,0.5679266974889844,13,-3,supermarket,99.246547291863
15,0.45641372300374505,14,-3,supermarket,99.70296101486674
16,0.18453917016583854,15,-3,supermarket,99.88750018503258
17,0.0942432660472598,16,-3,supermarket,99.98174345107984
18,0.018256548920149804,17,-3,supermarket,99.99999999999999
19,0.0,18,-3,supermarket,99.99999999999999
20,0.0,19,-3,supermarket,99.99999999999999
0,0.0,0,-2,supermarket,0.0
1,6.946370153996457,0,-2,supermarket,6.946370153996457
2,23.909664622262135,1,-2,supermarket,30.856034776258593
3,20.213453596293427,2,-2,supermarket,51.069488372552016
4,24.342394173693794,3,-2,supermarket,75.4118825462458
5,9.759852368663866,4,-2,supermarket,85.17173491490968
6,5.172524387295415,5,-2,supermarket,90.34425930220509
7,3.5284481439997637,6,-2,supermarket,93.87270744620486
8,0.7830579226021009,7,-2,supermarket,94.65576536880695
9,0.6444068348571795,8,-2,supermarket,95.30017220366413
10,1.0968731959322435,9,-2,supermarket,96.39704539959638
11,0.6932554387246074,10,-2,supermarket,97.09030083832099
12,0.8121697168261237,11,-2,supermarket,97.9024705551471
13,0.7761500392269092,12,-2,supermarket,98.67862059437401
14,0.5679266974889844,13,-2,supermarket,99.246547291863
15,0.45641372300374505,14,-2,supermarket,99.70296101486674
16,0.18453917016583854,15,-2,supermarket,99.88750018503258
17,0.0942432660472598,16,-2,supermarket,99.98174345107984
18,0.018256548920149804,17,-2,supermarket,99.99999999999999
19,0.0,18,-2,supermarket,99.99999999999999
20,0.0,19,-2,supermarket,99.99999999999999
0,0.0,0,-1,supermarket,0.0
1,,0,-1,supermarket,
2,,1,-1,supermarket,
3,,2,-1,supermarket,
4,,3,-1,supermarket,
5,,4,-1,supermarket,
6,,5,-1,supermarket,
7,,6,-1,supermarket,
8,,7,-1,supermarket,
9,,8,-1,supermarket,
10,,9,-1,supermarket,
11,,10,-1,supermarket,
12,,11,-1,supermarket,
13,,12,-1,supermarket,
14,,13,-1,supermarket,
15,,14,-1,supermarket,
16,,15,-1,supermarket,
17,,16,-1,supermarket,
18,,17,-1,supermarket,
19,,18,-1,supermarket,
20,,19,-1,supermarket,
0,0.0,0,0,supermarket,0.0
1,,0,0,supermarket,
2,,1,0,supermarket,
3,,2,0,supermarket,
4,,3,0,supermarket,
5,,4,0,supermarket,
6,,5,0,supermarket,
7,,6,0,supermarket,
8,,7,0,supermarket,
9,,8,0,supermarket,
10,,9,0,supermarket,
11,,10,0,supermarket,
12,,11,0,supermarket,
13,,12,0,supermarket,
14,,13,0,supermarket,
15,,14,0,supermarket,
16,,15,0,supermarket,
17,,16,0,supermarket,
18,,17,0,supermarket,
19,,18,0,supermarket,
20,,19,0,supermarket,
0,0.0,0,1,supermarket,0.0
1,0.9090393177561896,0,1,supermarket,0.9090393177561896
2,2.9995202005871096,1,1,supermarket,3.9085595183432993
3,4.190764119258529,2,1,supermarket,8.099323637601827
4,9.29933808317555,3,1,supermarket,17.398661720777376
5,8.80973631668825,4,1,supermarket,26.208398037465628
6,10.103646991451317,5,1,supermarket,36.31204502891694
7,13.015461923015412,6,1,supermarket,49.32750695193235
8,14.983671342561303,7,1,supermarket,64.31117829449366
9,9.265287802260733,8,1,supermarket,73.57646609675439
10,5.843750483668763,9,1,supermarket,79.42021658042314
11,2.9448333857845235,10,1,supermarket,82.36504996620766
12,3.5752794960558423,11,1,supermarket,85.9403294622635
13,2.327801022540254,12,1,supermarket,88.26813048480376
14,2.098735496386027,13,1,supermarket,90.36686598118979
15,2.6022669232475715,14,1,supermarket,92.96913290443736
16,1.369749936800615,15,1,supermarket,94.33888284123798
17,1.96047071933798,16,1,supermarket,96.29935356057595
18,2.7183474263662672,17,1,supermarket,99.01770098694222
19,0.47412436607147457,18,1,supermarket,99.4918253530137
20,0.5081746469862922,19,1,supermarket,99.99999999999999
0,0.0,0,2,supermarket,0.0
1,3.7590047135784657,0,2,supermarket,3.7590047135784657
2,13.870964554285207,1,2,supermarket,17.62996926786367
3,16.821644910422247,2,2,supermarket,34.45161417828592
4,21.423065901163078,3,2,supermarket,55.874680079449
5,10.217200114627904,4,2,supermarket,66.09188019407691
6,10.480053756534284,5,2,supermarket,76.5719339506112
7,7.7294781465853735,6,2,supermarket,84.30141209719658
8,2.3839639515005384,7,2,supermarket,86.68537604869711
9,2.0208108936035654,8,2,supermarket,88.70618694230068
10,1.656669664120478,9,2,supermarket,90.36285660642115
11,2.1008527920788165,10,2,supermarket,92.46370939849996
12,2.0272340089133074,11,2,supermarket,94.49094340741327
13,1.7495577932152138,12,2,supermarket,96.24050120062849
14,0.9570441811516152,13,2,supermarket,97.1975453817801
15,1.2604128580886786,14,2,supermarket,98.45795823986879
16,0.742610946964831,15,2,supermarket,99.20056918683362
17,0.5089083668488197,16,2,supermarket,99.70947755368243
18,0.27174718618140853,17,2,supermarket,99.98122473986385
19,0.0014822573791713194,18,2,supermarket,99.98270699724301
20,0.017293002756998722,19,2,supermarket,100.00000000000001
0,0.0,0,3,supermarket,0.0
1,3.7590047135784657,0,3,supermarket,3.7590047135784657
2,13.870964554285207,1,3,supermarket,17.62996926786367
3,16.821644910422247,2,3,supermarket,34.45161417828592
4,21.423065901163078,3,3,supermarket,55.874680079449
5,10.217200114627904,4,3,supermarket,66.09188019407691
6,10.480053756534284,5,3,supermarket,76.5719339506112
7,7.7294781465853735,6,3,supermarket,84.30141209719658
8,2.3839639515005384,7,3,supermarket,86.68537604869711
9,2.0208108936035654,8,3,supermarket,88.70618694230068
10,1.656669664120478,9,3,supermarket,90.36285660642115
11,2.1008527920788165,10,3,supermarket,92.46370939849996
12,2.0272340089133074,11,3,supermarket,94.49094340741327
13,1.7495577932152138,12,3,supermarket,96.24050120062849
14,0.9570441811516152,13,3,supermarket,97.1975453817801
15,1.2604128580886786,14,3,supermarket,98.45795823986879
16,0.742610946964831,15,3,supermarket,99.20056918683362
17,0.5089083668488197,16,3,supermarket,99.70947755368243
18,0.27174718618140853,17,3,supermarket,99.98122473986385
19,0.0014822573791713194,18,3,supermarket,99.98270699724301
20,0.017293002756998722,19,3,supermarket,100.00000000000001
0,0.0,0,4,supermarket,0.0
1,5.023511474487707,0,4,supermarket,5.023511474487707
2,18.94783067791007,1,4,supermarket,23.971342152397774
3,21.561477694938002,2,4,supermarket,45.53281984733577
4,21.92956919478751,3,4,supermarket,67.46238904212328
5,9.227945348774098,4,4,supermarket,76.69033439089738
6,7.555744151736593,5,4,supermarket,84.24607854263397
7,3.1983500027138114,6,4,supermarket,87.44442854534778
8,1.2291098205430582,7,4,supermarket,88.67353836589083
9,1.8680890327483015,8,4,supermarket,90.54162739863914
10,1.6312473170274389,9,4,supermarket,92.17287471566658
11,1.2616755564546769,10,4,supermarket,93.43455027212126
12,2.046707160021118,11,4,supermarket,95.48125743214237
13,1.4472015671026857,12,4,supermarket,96.92845899924505
14,1.0559193159221778,13,4,supermarket,97.98437831516723
15,0.730261956805992,14,4,supermarket,98.71464027197322
16,0.70312384354631,15,4,supermarket,99.41776411551953
17,0.32615077935727077,16,4,supermarket,99.74391489487681
18,0.12138137930694194,17,4,supermarket,99.86529627418375
19,0.13470372581624043,18,4,supermarket,99.99999999999999
20,0.0,19,4,supermarket,99.99999999999999
0,0.0,0,5,supermarket,0.0
1,5.023511474487707,0,5,supermarket,5.023511474487707
2,18.94783067791007,1,5,supermarket,23.971342152397774
3,21.561477694938002,2,5,supermarket,45.53281984733577
4,21.92956919478751,3,5,supermarket,67.46238904212328
5,9.227945348774098,4,5,supermarket,76.69033439089738
6,7.555744151736593,5,5,supermarket,84.24607854263397
7,3.1983500027138114,6,5,supermarket,87.44442854534778
8,1.2325637622306542,7,5,supermarket,88.67699230757843
9,1.9327270843304534,8,5,supermarket,90.60971939190888
10,1.5631553237576912,9,5,supermarket,92.17287471566658
11,1.2616755564546769,10,5,supermarket,93.43455027212126
12,2.046707160021118,11,5,supermarket,95.48125743214237
13,1.4472015671026857,12,5,supermarket,96.92845899924505
14,1.0559193159221778,13,5,supermarket,97.98437831516723
15,0.730261956805992,14,5,supermarket,98.71464027197322
16,0.70312384354631,15,5,supermarket,99.41776411551953
17,0.32615077935727077,16,5,supermarket,99.74391489487681
18,0.12138137930694194,17,5,supermarket,99.86529627418375
19,0.13470372581624043,18,5,supermarket,99.99999999999999
20,0.0,19,5,supermarket,99.99999999999999
0,0.0,0,6,supermarket,0.0
1,5.395056916024809,0,6,supermarket,5.395056916024809
2,22.710160016184183,1,6,supermarket,28.105216932208993
3,21.828418045365055,2,6,supermarket,49.933634977574044
4,19.477270596594416,3,6,supermarket,69.41090557416845
5,8.497683391968106,4,6,supermarket,77.90858896613656
6,6.611831230540739,5,6,supermarket,84.5204201966773
7,3.0809159853355506,6,6,supermarket,87.60133618201286
8,1.124998149674096,7,6,supermarket,88.72633433168696
9,1.9287797224017724,8,6,supermarket,90.65511405408873
10,1.859207468408769,9,6,supermarket,92.5143215224975
11,0.9202287496237671,10,6,supermarket,93.43455027212126
12,2.141443846309463,11,6,supermarket,95.57599411843071
13,1.4215437145662588,12,6,supermarket,96.99753783299697
14,0.9873339024113448,13,6,supermarket,97.98487173540832
15,0.729768536564907,14,6,supermarket,98.71464027197322
16,0.70312384354631,15,6,supermarket,99.41776411551953
17,0.32615077935727077,16,6,supermarket,99.74391489487681
18,0.12138137930694194,17,6,supermarket,99.86529627418375
19,0.13470372581624043,18,6,supermarket,99.99999999999999
20,0.0,19,6,supermarket,99.99999999999999
0,0.0,0,7,supermarket,0.0
1,5.461175228330217,0,7,supermarket,5.461175228330217
2,23.490257417339773,1,7,supermarket,28.95143264566999
3,21.893549517188294,2,7,supermarket,50.84498216285829
4,20.867235415731226,3,7,supermarket,71.71221757858952
5,7.395382573383926,4,7,supermarket,79.10760015197344
6,5.5351882644929855,5,7,supermarket,84.64278841646643
7,2.9585477655464385,6,7,supermarket,87.60133618201287
8,1.124998149674096,7,7,supermarket,88.72633433168697
9,1.9287797224017724,8,7,supermarket,90.65511405408874
10,1.859207468408769,9,7,supermarket,92.51432152249751
11,0.9202287496237671,10,7,supermarket,93.43455027212127
12,2.141443846309463,11,7,supermarket,95.57599411843073
13,1.4215437145662588,12,7,supermarket,96.99753783299698
14,1.0060838715725797,13,7,supermarket,98.00362170456957
15,0.7736829380214835,14,7,supermarket,98.77730464259105
16,0.8245052228532519,15,7,supermarket,99.6018098654443
17,0.19638125595188163,16,7,supermarket,99.79819112139617
18,0.06710515278757764,17,7,supermarket,99.86529627418375
19,0.13470372581624043,18,7,supermarket,99.99999999999999
20,0.0,19,7,supermarket,99.99999999999999
0,0.0,0,8,supermarket,0.0
1,6.346864561078025,0,8,supermarket,6.346864561078025
2,25.191076988360216,1,8,supermarket,31.53794154943824
3,22.6731534981028,2,8,supermarket,54.211095047541036
4,22.7195350007648,3,8,supermarket,76.93063004830583
5,8.273177182274372,4,8,supermarket,85.2038072305802
6,5.7212076953820805,5,8,supermarket,90.92501492596227
7,2.962001707234034,6,8,supermarket,93.88701663319631
8,0.7687487356106322,7,8,supermarket,94.65576536880694
9,0.6444068348571795,8,8,supermarket,95.30017220366412
10,1.0968731959322435,9,8,supermarket,96.39704539959637
11,0.6932554387246074,10,8,supermarket,97.09030083832097
12,0.8121697168261237,11,8,supermarket,97.90247055514709
13,0.7761500392269092,12,8,supermarket,98.678620594374
14,0.5679266974889844,13,8,supermarket,99.24654729186298
15,0.45641372300374505,14,8,supermarket,99.70296101486673
16,0.18453917016583854,15,8,supermarket,99.88750018503256
17,0.0942432660472598,16,8,supermarket,99.98174345107982
18,0.018256548920149804,17,8,supermarket,99.99999999999997
19,0.0,18,8,supermarket,99.99999999999997
20,0.0,19,8,supermarket,99.99999999999997
0,0.0,0,9,supermarket,0.0
1,6.346864561078025,0,9,supermarket,6.346864561078025
2,25.191076988360216,1,9,supermarket,31.53794154943824
3,22.6731534981028,2,9,supermarket,54.211095047541036
4,22.7195350007648,3,9,supermarket,76.93063004830583
5,8.273177182274372,4,9,supermarket,85.2038072305802
6,5.7212076953820805,5,9,supermarket,90.92501492596227
7,2.962001707234034,6,9,supermarket,93.88701663319631
8,0.7687487356106322,7,9,supermarket,94.65576536880694
9,0.6444068348571795,8,9,supermarket,95.30017220366412
10,1.0968731959322435,9,9,supermarket,96.39704539959637
11,0.6932554387246074,10,9,supermarket,97.09030083832097
12,0.8121697168261237,11,9,supermarket,97.90247055514709
13,0.7761500392269092,12,9,supermarket,98.678620594374
14,0.5679266974889844,13,9,supermarket,99.24654729186298
15,0.45641372300374505,14,9,supermarket,99.70296101486673
16,0.18453917016583854,15,9,supermarket,99.88750018503256
17,0.0942432660472598,16,9,supermarket,99.98174345107982
18,0.018256548920149804,17,9,supermarket,99.99999999999997
19,0.0,18,9,supermarket,99.99999999999997
20,0.0,19,9,supermarket,99.99999999999997
0,0.0,0,10,supermarket,0.0
1,6.346864561078025,0,10,supermarket,6.346864561078025
2,25.191076988360216,1,10,supermarket,31.53794154943824
3,22.6731534981028,2,10,supermarket,54.211095047541036
4,22.7195350007648,3,10,supermarket,76.93063004830583
5,8.273177182274372,4,10,supermarket,85.2038072305802
6,5.7212076953820805,5,10,supermarket,90.92501492596227
7,2.962001707234034,6,10,supermarket,93.88701663319631
8,0.7687487356106322,7,10,supermarket,94.65576536880694
9,0.6444068348571795,8,10,supermarket,95.30017220366412
10,1.0968731959322435,9,10,supermarket,96.39704539959637
11,0.6932554387246074,10,10,supermarket,97.09030083832097
12,0.8121697168261237,11,10,supermarket,97.90247055514709
13,0.7761500392269092,12,10,supermarket,98.678620594374
14,0.5679266974889844,13,10,supermarket,99.24654729186298
15,0.45641372300374505,14,10,supermarket,99.70296101486673
16,0.18453917016583854,15,10,supermarket,99.88750018503256
17,0.0942432660472598,16,10,supermarket,99.98174345107982
18,0.018256548920149804,17,10,supermarket,99.99999999999997
19,0.0,18,10,supermarket,99.99999999999997
20,0.0,19,10,supermarket,99.99999999999997
0,0.0,0,11,supermarket,0.0
1,6.346864561078025,0,11,supermarket,6.346864561078025
2,25.191076988360216,1,11,supermarket,31.53794154943824
3,22.6731534981028,2,11,supermarket,54.211095047541036
4,22.7195350007648,3,11,supermarket,76.93063004830583
5,8.273177182274372,4,11,supermarket,85.2038072305802
6,5.7212076953820805,5,11,supermarket,90.92501492596227
7,2.962001707234034,6,11,supermarket,93.88701663319631
8,0.7687487356106322,7,11,supermarket,94.65576536880694
9,0.6444068348571795,8,11,supermarket,95.30017220366412
10,1.0968731959322435,9,11,supermarket,96.39704539959637
11,0.6932554387246074,10,11,supermarket,97.09030083832097
12,0.8121697168261237,11,11,supermarket,97.90247055514709
13,0.7761500392269092,12,11,supermarket,98.678620594374
14,0.5679266974889844,13,11,supermarket,99.24654729186298
15,0.45641372300374505,14,11,supermarket,99.70296101486673
16,0.18453917016583854,15,11,supermarket,99.88750018503256
17,0.0942432660472598,16,11,supermarket,99.98174345107982
18,0.018256548920149804,17,11,supermarket,99.99999999999997
19,0.0,18,11,supermarket,99.99999999999997
20,0.0,19,11,supermarket,99.99999999999997
0,0.0,0,12,supermarket,0.0
1,6.346864561078025,0,12,supermarket,6.346864561078025
2,25.191076988360216,1,12,supermarket,31.53794154943824
3,22.6731534981028,2,12,supermarket,54.211095047541036
4,22.7195350007648,3,12,supermarket,76.93063004830583
5,8.273177182274372,4,12,supermarket,85.2038072305802
6,5.7212076953820805,5,12,supermarket,90.92501492596227
7,2.962001707234034,6,12,supermarket,93.88701663319631
8,0.7687487356106322,7,12,supermarket,94.65576536880694
9,0.6444068348571795,8,12,supermarket,95.30017220366412
10,1.0968731959322435,9,12,supermarket,96.39704539959637
11,0.6932554387246074,10,12,supermarket,97.09030083832097
12,0.8121697168261237,11,12,supermarket,97.90247055514709
13,0.7761500392269092,12,12,supermarket,98.678620594374
14,0.5679266974889844,13,12,supermarket,99.24654729186298
15,0.45641372300374505,14,12,supermarket,99.70296101486673
16,0.18453917016583854,15,12,supermarket,99.88750018503256
17,0.0942432660472598,16,12,supermarket,99.98174345107982
18,0.018256548920149804,17,12,supermarket,99.99999999999997
19,0.0,18,12,supermarket,99.99999999999997
20,0.0,19,12,supermarket,99.99999999999997
0,0.0,0,13,supermarket,0.0
1,7.24192887840645,0,13,supermarket,7.24192887840645
2,26.018542732659977,1,13,supermarket,33.26047161106643
3,21.927102093582082,2,13,supermarket,55.187573704648514
4,22.328252749584294,3,13,supermarket,77.51582645423281
5,8.194229943700751,4,13,supermarket,85.71005639793356
6,5.39999111843566,5,13,supermarket,91.11004751636922
7,2.7769691168271105,6,13,supermarket,93.88701663319632
8,0.7687487356106322,7,13,supermarket,94.65576536880695
9,0.6444068348571795,8,13,supermarket,95.30017220366413
10,1.0968731959322435,9,13,supermarket,96.39704539959638
11,0.6932554387246074,10,13,supermarket,97.09030083832099
12,0.8121697168261237,11,13,supermarket,97.9024705551471
13,0.7761500392269092,12,13,supermarket,98.67862059437401
14,0.5679266974889844,13,13,supermarket,99.246547291863
15,0.45641372300374505,14,13,supermarket,99.70296101486674
16,0.18453917016583854,15,13,supermarket,99.88750018503258
17,0.0942432660472598,16,13,supermarket,99.98174345107984
18,0.018256548920149804,17,13,supermarket,99.99999999999999
19,0.0,18,13,supermarket,99.99999999999999
20,0.0,19,13,supermarket,99.99999999999999
0,0.0,0,14,supermarket,0.0
1,7.24192887840645,0,14,supermarket,7.24192887840645
2,26.018542732659977,1,14,supermarket,33.26047161106643
3,21.927102093582082,2,14,supermarket,55.187573704648514
4,22.328252749584294,3,14,supermarket,77.51582645423281
5,8.194229943700751,4,14,supermarket,85.71005639793356
6,5.39999111843566,5,14,supermarket,91.11004751636922
7,2.7769691168271105,6,14,supermarket,93.88701663319632
8,0.7687487356106322,7,14,supermarket,94.65576536880695
9,0.6444068348571795,8,14,supermarket,95.30017220366413
10,1.0968731959322435,9,14,supermarket,96.39704539959638
11,0.6932554387246074,10,14,supermarket,97.09030083832099
12,0.8121697168261237,11,14,supermarket,97.9024705551471
13,0.7761500392269092,12,14,supermarket,98.67862059437401
14,0.5679266974889844,13,14,supermarket,99.246547291863
15,0.45641372300374505,14,14,supermarket,99.70296101486674
16,0.18453917016583854,15,14,supermarket,99.88750018503258
17,0.0942432660472598,16,14,supermarket,99.98174345107984
18,0.018256548920149804,17,14,supermarket,99.99999999999999
19,0.0,18,14,supermarket,99.99999999999999
20,0.0,19,14,supermarket,99.99999999999999
0,0.0,0,15,supermarket,0.0
1,7.24192887840645,0,15,supermarket,7.24192887840645
2,26.018542732659977,1,15,supermarket,33.26047161106643
3,21.927102093582082,2,15,supermarket,55.187573704648514
4,22.328252749584294,3,15,supermarket,77.51582645423281
5,8.194229943700751,4,15,supermarket,85.71005639793356
6,5.39999111843566,5,15,supermarket,91.11004751636922
7,2.7769691168271105,6,15,supermarket,93.88701663319632
8,0.7687487356106322,7,15,supermarket,94.65576536880695
9,0.6444068348571795,8,15,supermarket,95.30017220366413
10,1.0968731959322435,9,15,supermarket,96.39704539959638
11,0.6932554387246074,10,15,supermarket,97.09030083832099
12,0.8121697168261237,11,15,supermarket,97.9024705551471
13,0.7761500392269092,12,15,supermarket,98.67862059437401
14,0.5679266974889844,13,15,supermarket,99.246547291863
15,0.45641372300374505,14,15,supermarket,99.70296101486674
16,0.18453917016583854,15,15,supermarket,99.88750018503258
17,0.0942432660472598,16,15,supermarket,99.98174345107984
18,0.018256548920149804,17,15,supermarket,99.99999999999999
19,0.0,18,15,supermarket,99.99999999999999
20,0.0,19,15,supermarket,99.99999999999999
